,Reaction,EC value,Method,Evaluation,Reaction.1,Reaction formula in CID format,order,order id,Reaction formula in python dictionary,T(K),pH,Ionic strength,pMg,K',electrolytes,Buffer/reagents/solute added,Reference_id,media conditions,exclude,reaction_id,reaction_id_stan
20,pyruvate kinase,2.7.1.40,spectrophotometry and enzymatic assay,A,ATP(aq) + pyruvate(aq) = phosphoenolpyruvate(aq) + ADP(aq),CHB_15361 + CHB_15422 = CHB_16761 + CHB_18021,21,Keq_21,"{'CHB_15361': -1, 'CHB_18021': 1, 'CHB_16761': 1, 'CHB_15422': -1}",298.15,7.0,0.25,3.0,2.65e-05,,phosphate,02DOB/HIT,mol/L;IS=0.25;Mg2+_free=0.001,no,rxn_12,2
21,pyruvate kinase,2.7.1.40,spectrophotometry and enzymatic assay,A,ATP(aq) + pyruvate(aq) = phosphoenolpyruvate(aq) + ADP(aq),CHB_15361 + CHB_15422 = CHB_16761 + CHB_18021,22,Keq_22,"{'CHB_15361': -1, 'CHB_18021': 1, 'CHB_16761': 1, 'CHB_15422': -1}",298.15,7.8,0.25,3.0,0.000111473,,phosphate,02DOB/HIT,mol/L;IS=0.25;Mg2+_free=0.001,no,rxn_12,2
22,pyruvate kinase,2.7.1.40,spectrophotometry and enzymatic assay,A,ATP(aq) + pyruvate(aq) = phosphoenolpyruvate(aq) + ADP(aq),CHB_15361 + CHB_15422 = CHB_16761 + CHB_18021,23,Keq_23,"{'CHB_15361': -1, 'CHB_18021': 1, 'CHB_16761': 1, 'CHB_15422': -1}",298.15,7.4,0.25,3.0,6.46359e-05,,phosphate,02DOB/HIT,mol/L;IS=0.25;Mg2+_free=0.001,no,rxn_12,2
23,pyruvate kinase,2.7.1.40,spectrophotometry and enzymatic assay,A,ATP(aq) + pyruvate(aq) = phosphoenolpyruvate(aq) + ADP(aq),CHB_15361 + CHB_15422 = CHB_16761 + CHB_18021,24,Keq_24,"{'CHB_15361': -1, 'CHB_18021': 1, 'CHB_16761': 1, 'CHB_15422': -1}",298.15,7.0,0.25,3.0,2.7868400000000002e-05,,phosphate,02DOB/HIT,mol/L;IS=0.25;Mg2+_free=0.001,no,rxn_12,2
24,pyruvate kinase,2.7.1.40,spectrophotometry and enzymatic assay,A,ATP(aq) + pyruvate(aq) = phosphoenolpyruvate(aq) + ADP(aq),CHB_15361 + CHB_15422 = CHB_16761 + CHB_18021,25,Keq_25,"{'CHB_15361': -1, 'CHB_18021': 1, 'CHB_16761': 1, 'CHB_15422': -1}",298.15,6.7,0.25,3.0,1.5957799999999998e-05,,phosphate,02DOB/HIT,mol/L;IS=0.25;Mg2+_free=0.001,no,rxn_12,2
25,pyruvate kinase,2.7.1.40,spectrophotometry and enzymatic assay,A,ATP(aq) + pyruvate(aq) = phosphoenolpyruvate(aq) + ADP(aq),CHB_15361 + CHB_15422 = CHB_16761 + CHB_18021,26,Keq_26,"{'CHB_15361': -1, 'CHB_18021': 1, 'CHB_16761': 1, 'CHB_15422': -1}",298.15,6.4,0.25,3.0,1.03522e-05,,phosphate,02DOB/HIT,mol/L;IS=0.25;Mg2+_free=0.001,no,rxn_12,2
26,pyruvate kinase,2.7.1.40,spectrophotometry and enzymatic assay,A,ATP(aq) + pyruvate(aq) = phosphoenolpyruvate(aq) + ADP(aq),CHB_15361 + CHB_15422 = CHB_16761 + CHB_18021,27,Keq_27,"{'CHB_15361': -1, 'CHB_18021': 1, 'CHB_16761': 1, 'CHB_15422': -1}",278.15,7.0,0.25,3.0,2.247e-05,,phosphate,02DOB/HIT,mol/L;IS=0.25;Mg2+_free=0.001,no,rxn_12,2
27,pyruvate kinase,2.7.1.40,spectrophotometry and enzymatic assay,A,ATP(aq) + pyruvate(aq) = phosphoenolpyruvate(aq) + ADP(aq),CHB_15361 + CHB_15422 = CHB_16761 + CHB_18021,28,Keq_28,"{'CHB_15361': -1, 'CHB_18021': 1, 'CHB_16761': 1, 'CHB_15422': -1}",288.15,7.0,0.25,3.0,2.458e-05,,phosphate,02DOB/HIT,mol/L;IS=0.25;Mg2+_free=0.001,no,rxn_12,2
28,pyruvate kinase,2.7.1.40,spectrophotometry and enzymatic assay,A,ATP(aq) + pyruvate(aq) = phosphoenolpyruvate(aq) + ADP(aq),CHB_15361 + CHB_15422 = CHB_16761 + CHB_18021,29,Keq_29,"{'CHB_15361': -1, 'CHB_18021': 1, 'CHB_16761': 1, 'CHB_15422': -1}",308.15,7.0,0.25,3.0,2.743e-05,,phosphate,02DOB/HIT,mol/L;IS=0.25;Mg2+_free=0.001,no,rxn_12,2
29,pyruvate kinase,2.7.1.40,spectrophotometry and enzymatic assay,A,ATP(aq) + pyruvate(aq) = phosphoenolpyruvate(aq) + ADP(aq),CHB_15361 + CHB_15422 = CHB_16761 + CHB_18021,30,Keq_30,"{'CHB_15361': -1, 'CHB_18021': 1, 'CHB_16761': 1, 'CHB_15422': -1}",318.15,7.0,0.25,3.0,2.844e-05,,phosphate,02DOB/HIT,mol/L;IS=0.25;Mg2+_free=0.001,no,rxn_12,2
2210,isocitrate dehydrogenase (NADP+),1.1.1.42,spectrophotometry,B,isocitrate(aq) + NADP(aq) = 2-oxoglutarate(aq) + NADPH(aq) + CO2(aq),CHB_16087 + CHB_18009 = CHB_16474 + CHB_16526 + CHB_16810,2211,Keq_2211,"{'CHB_16810': 1, 'CHB_16474': 1, 'CHB_16087': -1, 'CHB_16526': 1, 'CHB_18009': -1}",293.15,7.4,0.40399999999999997,0.8181818181818182,0.076,MnCl2 (0.0033 mol/L),carbonate + bicarbonate,73SHE/GUL,mol/L;IS=0.4;bicarbonate=0.1;(Mn)1(Cl)2=0.0033,no,rxn_72,7
2348,acetate-CoA ligase,6.2.1.1,spectrophotometry and enzymatic assay,A,ATP(aq) + acetate(aq) + CoA(aq) = AMP(aq) + diphosphate(aq) + acetyl-CoA(aq),CHB_15346 + CHB_15422 + CHB_30089 = CHB_15351 + CHB_16027 + CHB_18361,2349,Keq_2349,"{'CHB_18361': 1, 'CHB_15422': -1, 'CHB_15346': -1, 'CHB_16027': 1, 'CHB_15351': 1, 'CHB_30089': -1}",311.15,7.03,0.25,0.16,8.68,Mg2+ (0.00074 mol/L),,74GUY/WEB,mol/L;IS=0.25;(Mg)1=0.00074,no,rxn_100,1
2627,fructose-biphosphatase,3.1.3.11,enzymatic assay; spectrophotometry,A,"D-fructose 1,6-bisphosphate(aq) + H2O(l) = D-fructose 6-phosphate(aq) + orthophosphate(aq)",CHB_15377 + CHB_40595 = CHB_26078 + CHB_61553,2628,Keq_2628,"{'CHB_26078': 1, 'CHB_61553': 1, 'CHB_40595': -1, 'CHB_15377': -1}",310.15,6.99,0.25,3.05,174.0,,phosphate (0.104 mol dm-3),76LAW/GUY,mol/L;IS=0.25;phosphate buffer=0.104;(Mg)1=0.001,no,rxn_75,8
2628,alkaline phosphatase,3.1.3.1,enzymatic assay; spectrophotometry,A,D-glucose 6-phosphate(aq) + H2O(l) = D-glucose(aq) + orthophosphate(aq),CHB_15377 + CHB_4170 = CHB_26078 + CHB_4167,2629,Keq_2629,"{'CHB_4167': 1, 'CHB_26078': 1, 'CHB_4170': -1, 'CHB_15377': -1}",310.15,6.99,0.25,3.0,110.0,,phosphate (0.098 mol dm-3),76LAW/GUY,mol/L;IS=0.25;phosphate buffer=0.098;(Mg)1=0.001,no,rxn_79,9
2669,choline-phosphate cytidylyltransferase,2.7.7.15,paper chromatography,B,CTP(aq) + phosphorylcholine(aq) = pyrophosphate(aq) + CDPcholine(aq),CHB_17677 + CHB_18132 = CHB_16436 + CHB_18361,2670,Keq_2670,"{'CHB_17677': -1, 'CHB_18361': 1, 'CHB_16436': 1, 'CHB_18132': -1}",310.15,7.5,0.15,3.0,0.2,,Hepes and Tris,78INF/KIN,mol/L;IS=0.15;Mg2+_free=0.001,no,rxn_436,3
3925,adenylate kinase,2.7.4.3,high-pressure liquid-chromatography,A,2 ADP(aq) = AMP(aq) + ATP(aq),2 CHB_16761 = CHB_15422 + CHB_16027,3926,Keq_3926,"{'CHB_15422': 1, 'CHB_16761': -2.0, 'CHB_16027': 1}",298.15,8.31,0.07200000000000001,6.72,0.34299999999999997,,Tris (0.05 mol kg-1) + HCl,91TEW/GOL2,mol/kg;(Mg)1(Cl)2=0.0005101;Tris=0.04982;ADP=0.008247;AMP=0;ATP=0;IS=0.072;pMg=6.72,no,rxn_61,6
3926,adenylate kinase,2.7.4.3,high-pressure liquid-chromatography,A,2 ADP(aq) = AMP(aq) + ATP(aq),2 CHB_16761 = CHB_15422 + CHB_16027,3927,Keq_3927,"{'CHB_15422': 1, 'CHB_16761': -2.0, 'CHB_16027': 1}",298.15,8.54,0.081,6.71,0.34600000000000003,,Tris (0.05 mol kg-1) + HCl,91TEW/GOL2,mol/kg;(Mg)1(Cl)2=0.0005099;Tris=0.04982;ADP=0.008794;AMP=0;ATP=0;IS=0.081;pMg=6.71,no,rxn_61,6
3927,adenylate kinase,2.7.4.3,high-pressure liquid-chromatography,A,2 ADP(aq) = AMP(aq) + ATP(aq),2 CHB_16761 = CHB_15422 + CHB_16027,3928,Keq_3928,"{'CHB_15422': 1, 'CHB_16761': -2.0, 'CHB_16027': 1}",286.05,8.68,0.07200000000000001,6.59,0.355,,Tris (0.05 mol kg-1) + HCl,91TEW/GOL2,mol/kg;(Mg)1(Cl)2=0.0005101;Tris=0.04979;ADP=0.008247;AMP=0;ATP=0;IS=0.072;pMg=6.59,no,rxn_61,6
3928,adenylate kinase,2.7.4.3,high-pressure liquid-chromatography,A,2 ADP(aq) = AMP(aq) + ATP(aq),2 CHB_16761 = CHB_15422 + CHB_16027,3929,Keq_3929,"{'CHB_15422': 1, 'CHB_16761': -2.0, 'CHB_16027': 1}",286.05,8.85,0.08,6.59,0.35600000000000004,,Tris (0.05 mol kg-1) + HCl,91TEW/GOL2,mol/kg;(Mg)1(Cl)2=0.0005099;Tris=0.04979;ADP=0.008794;AMP=0;ATP=0;IS=0.08;pMg=6.59,no,rxn_61,6
3929,adenylate kinase,2.7.4.3,high-pressure liquid-chromatography,A,2 ADP(aq) = AMP(aq) + ATP(aq),2 CHB_16761 = CHB_15422 + CHB_16027,3930,Keq_3930,"{'CHB_15422': 1, 'CHB_16761': -2.0, 'CHB_16027': 1}",292.15,8.46,0.071,6.66,0.35200000000000004,,Tris (0.05 mol kg-1) + HCl,91TEW/GOL2,mol/kg;(Mg)1(Cl)2=0.0005101;Tris=0.04982;ADP=0.008247;AMP=0;ATP=0;IS=0.071;pMg=6.66,no,rxn_61,6
3930,adenylate kinase,2.7.4.3,high-pressure liquid-chromatography,A,2 ADP(aq) = AMP(aq) + ATP(aq),2 CHB_16761 = CHB_15422 + CHB_16027,3931,Keq_3931,"{'CHB_15422': 1, 'CHB_16761': -2.0, 'CHB_16027': 1}",292.15,8.67,0.08,6.65,0.349,,Tris (0.05 mol kg-1) + HCl,91TEW/GOL2,mol/kg;(Mg)1(Cl)2=0.0005099;Tris=0.04979;ADP=0.008749;AMP=0;ATP=0;IS=0.08;pMg=6.65,no,rxn_61,6
3931,adenylate kinase,2.7.4.3,high-pressure liquid-chromatography,A,2 ADP(aq) = AMP(aq) + ATP(aq),2 CHB_16761 = CHB_15422 + CHB_16027,3932,Keq_3932,"{'CHB_15422': 1, 'CHB_16761': -2.0, 'CHB_16027': 1}",304.15,8.16,0.07200000000000001,6.78,0.35700000000000004,,Tris (0.05 mol kg-1) + HCl,91TEW/GOL2,mol/kg;(Mg)1(Cl)2=0.0005101;Tris=0.04982;ADP=0.008247;AMP=0;ATP=0;IS=0.072;pMg=6.78,no,rxn_61,6
3932,adenylate kinase,2.7.4.3,high-pressure liquid-chromatography,A,2 ADP(aq) = AMP(aq) + ATP(aq),2 CHB_16761 = CHB_15422 + CHB_16027,3933,Keq_3933,"{'CHB_15422': 1, 'CHB_16761': -2.0, 'CHB_16027': 1}",304.15,8.34,0.08,6.78,0.35100000000000003,,Tris (0.05 mol kg-1) + HCl,91TEW/GOL2,mol/kg;(Mg)1(Cl)2=0.0005099;Tris=0.04979;ADP=0.008749;AMP=0;ATP=0;IS=0.08;pMg=6.78,no,rxn_61,6
3933,adenylate kinase,2.7.4.3,high-pressure liquid-chromatography,A,2 ADP(aq) = AMP(aq) + ATP(aq),2 CHB_16761 = CHB_15422 + CHB_16027,3934,Keq_3934,"{'CHB_15422': 1, 'CHB_16761': -2.0, 'CHB_16027': 1}",310.25,7.98,0.071,6.84,0.35100000000000003,,Tris (0.05 mol kg-1) + HCl,91TEW/GOL2,mol/kg;(Mg)1(Cl)2=0.0005101;Tris=0.04982;ADP=0.008247;AMP=0;ATP=0;IS=0.071;pMg=6.84,no,rxn_61,6
3934,adenylate kinase,2.7.4.3,high-pressure liquid-chromatography,A,2 ADP(aq) = AMP(aq) + ATP(aq),2 CHB_16761 = CHB_15422 + CHB_16027,3935,Keq_3935,"{'CHB_15422': 1, 'CHB_16761': -2.0, 'CHB_16027': 1}",310.25,8.13,0.078,6.84,0.348,,Tris (0.05 mol kg-1) + HCl,91TEW/GOL2,mol/kg;(Mg)1(Cl)2=0.0005099;Tris=0.04979;ADP=0.008749;AMP=0;ATP=0;IS=0.078;pMg=6.84,no,rxn_61,6
3935,adenylate kinase,2.7.4.3,high-pressure liquid-chromatography,A,2 ADP(aq) = AMP(aq) + ATP(aq),2 CHB_16761 = CHB_15422 + CHB_16027,3936,Keq_3936,"{'CHB_15422': 1, 'CHB_16761': -2.0, 'CHB_16027': 1}",298.15,8.34,0.07,6.02,0.381,,Tris (0.05 mol kg-1) + HCl,91TEW/GOL2,mol/kg;(Mg)1(Cl)2=0.002412;Tris=0.04978;ADP=0.008006;AMP=0;ATP=0;IS=0.07;pMg=6.02,no,rxn_61,6
3936,adenylate kinase,2.7.4.3,high-pressure liquid-chromatography,A,2 ADP(aq) = AMP(aq) + ATP(aq),2 CHB_16761 = CHB_15422 + CHB_16027,3937,Keq_3937,"{'CHB_15422': 1, 'CHB_16761': -2.0, 'CHB_16027': 1}",298.15,8.54,0.08,6.02,0.37799999999999995,,Tris (0.05 mol kg-1) + HCl,91TEW/GOL2,mol/kg;(Mg)1(Cl)2=0.002410;Tris=0.04975;ADP=0.008817;AMP=0;ATP=0;IS=0.08;pMg=6.02,no,rxn_61,6
3937,adenylate kinase,2.7.4.3,high-pressure liquid-chromatography,A,2 ADP(aq) = AMP(aq) + ATP(aq),2 CHB_16761 = CHB_15422 + CHB_16027,3938,Keq_3938,"{'CHB_15422': 1, 'CHB_16761': -2.0, 'CHB_16027': 1}",298.15,8.28,0.061,4.7,0.861,,Tris (0.05 mol kg-1) + HCl,91TEW/GOL2,mol/kg;(Mg)1(Cl)2=0.02433;Tris=0.04932;ADP=0.008370;AMP=0;ATP=0;IS=0.061;pMg=4.7,no,rxn_61,6
3938,adenylate kinase,2.7.4.3,high-pressure liquid-chromatography,A,2 ADP(aq) = AMP(aq) + ATP(aq),2 CHB_16761 = CHB_15422 + CHB_16027,3939,Keq_3939,"{'CHB_15422': 1, 'CHB_16761': -2.0, 'CHB_16027': 1}",298.15,8.51,0.068,4.69,0.8540000000000001,,Tris (0.05 mol kg-1) + HCl,91TEW/GOL2,mol/kg;(Mg)1(Cl)2=0.02432;Tris=0.04931;ADP=0.008506;AMP=0;ATP=0;IS=0.068;pMg=4.69,no,rxn_61,6
3939,adenylate kinase,2.7.4.3,high-pressure liquid-chromatography,A,2 ADP(aq) = AMP(aq) + ATP(aq),2 CHB_16761 = CHB_15422 + CHB_16027,3940,Keq_3940,"{'CHB_15422': 1, 'CHB_16761': -2.0, 'CHB_16027': 1}",298.15,8.4,0.09300000000000001,2.24,0.26,,Tris (0.05 mol kg-1) + HCl,91TEW/GOL2,mol/kg;(Mg)1(Cl)2=0.2372;Tris=0.04495;ADP=0.008117;AMP=0;ATP=0;IS=0.093;pMg=2.24,no,rxn_61,6
3940,adenylate kinase,2.7.4.3,high-pressure liquid-chromatography,A,2 ADP(aq) = AMP(aq) + ATP(aq),2 CHB_16761 = CHB_15422 + CHB_16027,3941,Keq_3941,"{'CHB_15422': 1, 'CHB_16761': -2.0, 'CHB_16027': 1}",298.15,8.56,0.096,2.27,0.258,,Tris (0.05 mol kg-1) + HCl,91TEW/GOL2,mol/kg;(Mg)1(Cl)2=0.2371;Tris=0.04494;ADP=0.009037;AMP=0;ATP=0;IS=0.096;pMg=2.27,no,rxn_61,6
3941,adenylate kinase,2.7.4.3,high-pressure liquid-chromatography,A,2 ADP(aq) = AMP(aq) + ATP(aq),2 CHB_16761 = CHB_15422 + CHB_16027,3942,Keq_3942,"{'CHB_15422': 1, 'CHB_16761': -2.0, 'CHB_16027': 1}",298.15,8.33,0.055999999999999994,3.12,0.634,,Tris (0.05 mol kg-1) + HCl,91TEW/GOL2,mol/kg;(Mg)1(Cl)2=0.07690;Tris=0.04824;ADP=0.008131;AMP=0;ATP=0;IS=0.056;pMg=3.12,no,rxn_61,6
3942,adenylate kinase,2.7.4.3,high-pressure liquid-chromatography,A,2 ADP(aq) = AMP(aq) + ATP(aq),2 CHB_16761 = CHB_15422 + CHB_16027,3943,Keq_3943,"{'CHB_15422': 1, 'CHB_16761': -2.0, 'CHB_16027': 1}",298.15,8.53,0.062,3.16,0.603,,Tris (0.05 mol kg-1) + HCl,91TEW/GOL2,mol/kg;(Mg)1(Cl)2=0.07688;Tris=0.04823;ADP=0.008485;AMP=0;ATP=0;IS=0.062;pMg=3.16,no,rxn_61,6
3943,adenylate kinase,2.7.4.3,high-pressure liquid-chromatography,A,2 ADP(aq) = AMP(aq) + ATP(aq),2 CHB_16761 = CHB_15422 + CHB_16027,3944,Keq_3944,"{'CHB_15422': 1, 'CHB_16761': -2.0, 'CHB_16027': 1}",298.15,8.3,0.069,5.49,0.475,,Tris (0.05 mol kg-1) + HCl,91TEW/GOL2,mol/kg;(Mg)1(Cl)2=0.007455;Tris=0.04966;ADP=0.008406;AMP=0;ATP=0;IS=0.069;pMg=5.49,no,rxn_61,6
3944,adenylate kinase,2.7.4.3,high-pressure liquid-chromatography,A,2 ADP(aq) = AMP(aq) + ATP(aq),2 CHB_16761 = CHB_15422 + CHB_16027,3945,Keq_3945,"{'CHB_15422': 1, 'CHB_16761': -2.0, 'CHB_16027': 1}",298.15,8.5,0.076,5.48,0.484,,Tris (0.05 mol kg-1) + HCl,91TEW/GOL2,mol/kg;(Mg)1(Cl)2=0.007453;Tris=0.04965;ADP=0.008725;AMP=0;ATP=0;IS=0.076;pMg=5.48,no,rxn_61,6
3945,adenylate kinase,2.7.4.3,high-pressure liquid-chromatography,A,2 ADP(aq) = AMP(aq) + ATP(aq),2 CHB_16761 = CHB_15422 + CHB_16027,3946,Keq_3946,"{'CHB_15422': 1, 'CHB_16761': -2.0, 'CHB_16027': 1}",298.15,8.32,0.057,4.07,1.3019999999999998,,Tris (0.05 mol kg-1) + HCl,91TEW/GOL2,mol/kg;(Mg)1(Cl)2=0.03994;Tris=0.04900;ADP=0.008166;AMP=0;ATP=0;IS=0.057;pMg=4.07,no,rxn_61,6
3946,adenylate kinase,2.7.4.3,high-pressure liquid-chromatography,A,2 ADP(aq) = AMP(aq) + ATP(aq),2 CHB_16761 = CHB_15422 + CHB_16027,3947,Keq_3947,"{'CHB_15422': 1, 'CHB_16761': -2.0, 'CHB_16027': 1}",298.15,8.5,0.063,4.133,1.268,,Tris (0.05 mol kg-1) + HCl,91TEW/GOL2,mol/kg;(Mg)1(Cl)2=0.03993;Tris=0.04898;ADP=0.008631;AMP=0;ATP=0;IS=0.063;pMg=4.133,no,rxn_61,6
3947,adenylate kinase,2.7.4.3,high-pressure liquid-chromatography,A,2 ADP(aq) = AMP(aq) + ATP(aq),2 CHB_16761 = CHB_15422 + CHB_16027,3948,Keq_3948,"{'CHB_15422': 1, 'CHB_16761': -2.0, 'CHB_16027': 1}",298.15,8.4,0.071,7.12,0.349,,Tris (0.05 mol kg-1) + HCl,91TEW/GOL2,mol/kg;(Mg)1(Cl)2=0.0001959;Tris=0.04983;ADP=0.007664;AMP=0;ATP=0;IS=0.071;pMg=7.12,no,rxn_61,6
3948,adenylate kinase,2.7.4.3,high-pressure liquid-chromatography,A,2 ADP(aq) = AMP(aq) + ATP(aq),2 CHB_16761 = CHB_15422 + CHB_16027,3949,Keq_3949,"{'CHB_15422': 1, 'CHB_16761': -2.0, 'CHB_16027': 1}",298.15,8.54,0.079,7.12,0.361,,Tris (0.05 mol kg-1) + HCl,91TEW/GOL2,mol/kg;(Mg)1(Cl)2=0.0001957;Tris=0.04980;ADP=0.008526;AMP=0;ATP=0;IS=0.079;pMg=7.12,no,rxn_61,6
3949,adenylate kinase,2.7.4.3,high-pressure liquid-chromatography,A,2 ADP(aq) = AMP(aq) + ATP(aq),2 CHB_16761 = CHB_15422 + CHB_16027,3950,Keq_3950,"{'CHB_15422': 1, 'CHB_16761': -2.0, 'CHB_16027': 1}",298.15,8.49,0.125,6.92,0.408,,Tris (0.05 mol kg-1) + HCl,91TEW/GOL2,mol/kg;(Mg)1(Cl)2=0.0001958;(K)1(Cl)1=0.0491;Tris=0.04982;ADP=0.008226;AMP=0;ATP=0;IS=0.125;pMg=6.92,no,rxn_61,6
3950,adenylate kinase,2.7.4.3,high-pressure liquid-chromatography,A,2 ADP(aq) = AMP(aq) + ATP(aq),2 CHB_16761 = CHB_15422 + CHB_16027,3951,Keq_3951,"{'CHB_15422': 1, 'CHB_16761': -2.0, 'CHB_16027': 1}",298.15,8.67,0.132,6.93,0.41200000000000003,,Tris (0.05 mol kg-1) + HCl,91TEW/GOL2,mol/kg;(Mg)1(Cl)2=0.0001950;(K)1(Cl)1=0.0489;Tris=0.04961;ADP=0.008715;AMP=0;ATP=0;IS=0.132;pMg=6.93,no,rxn_61,6
3951,adenylate kinase,2.7.4.3,high-pressure liquid-chromatography,A,2 ADP(aq) = AMP(aq) + ATP(aq),2 CHB_16761 = CHB_15422 + CHB_16027,3952,Keq_3952,"{'CHB_15422': 1, 'CHB_16761': -2.0, 'CHB_16027': 1}",298.15,8.57,0.228,6.67,0.45,,Tris (0.05 mol kg-1) + HCl,91TEW/GOL2,mol/kg;(Mg)1(Cl)2=0.0001957;(K)1(Cl)1=0.1506;Tris=0.04982;ADP=0.008122;AMP=0;ATP=0;IS=0.228;pMg=6.67,no,rxn_61,6
3952,adenylate kinase,2.7.4.3,high-pressure liquid-chromatography,A,2 ADP(aq) = AMP(aq) + ATP(aq),2 CHB_16761 = CHB_15422 + CHB_16027,3953,Keq_3953,"{'CHB_15422': 1, 'CHB_16761': -2.0, 'CHB_16027': 1}",298.15,8.73,0.233,6.7,0.444,,Tris (0.05 mol kg-1) + HCl,91TEW/GOL2,mol/kg;(Mg)1(Cl)2=0.0001934;(K)1(Cl)1=0.1488;Tris=0.04924;ADP=0.008903;AMP=0;ATP=0;IS=0.233;pMg=6.7,no,rxn_61,6
3953,adenylate kinase,2.7.4.3,high-pressure liquid-chromatography,A,2 ADP(aq) = AMP(aq) + ATP(aq),2 CHB_16761 = CHB_15422 + CHB_16027,3954,Keq_3954,"{'CHB_15422': 1, 'CHB_16761': -2.0, 'CHB_16027': 1}",298.15,8.68,0.32899999999999996,6.46,0.462,,Tris (0.05 mol kg-1) + HCl,91TEW/GOL2,mol/kg;(Mg)1(Cl)2=0.0001958;(K)1(Cl)1=0.2540;Tris=0.04984;ADP=0.007159;AMP=0;ATP=0;IS=0.329;pMg=6.46,no,rxn_61,6
3954,adenylate kinase,2.7.4.3,high-pressure liquid-chromatography,A,2 ADP(aq) = AMP(aq) + ATP(aq),2 CHB_16761 = CHB_15422 + CHB_16027,3955,Keq_3955,"{'CHB_15422': 1, 'CHB_16761': -2.0, 'CHB_16027': 1}",298.15,8.87,0.326,6.46,0.45799999999999996,,Tris (0.05 mol kg-1) + HCl,91TEW/GOL2,mol/kg;(Mg)1(Cl)2=0.0001922;(K)1(Cl)1=0.2493;Tris=0.04991;ADP=0.006955;AMP=0;ATP=0;IS=0.326;pMg=6.46,no,rxn_61,6
3955,adenylate kinase,2.7.4.3,high-pressure liquid-chromatography,A,2 ADP(aq) = AMP(aq) + ATP(aq),2 CHB_16761 = CHB_15422 + CHB_16027,3956,Keq_3956,"{'CHB_15422': 1, 'CHB_16761': -2.0, 'CHB_16027': 1}",298.15,7.79,0.052000000000000005,7.13,0.366,,Tris (0.05 mol kg-1) + HCl,91TEW/GOL2,mol/kg;(Mg)1(Cl)2=0.0002121;Tris=0.05018;ADP=0.007301;AMP=0;ATP=0;IS=0.052;pMg=7.13,no,rxn_61,6
3956,adenylate kinase,2.7.4.3,high-pressure liquid-chromatography,A,2 ADP(aq) = AMP(aq) + ATP(aq),2 CHB_16761 = CHB_15422 + CHB_16027,3957,Keq_3957,"{'CHB_15422': 1, 'CHB_16761': -2.0, 'CHB_16027': 1}",298.15,7.93,0.061,7.15,0.364,,Tris (0.05 mol kg-1) + HCl,91TEW/GOL2,mol/kg;(Mg)1(Cl)2=0.0002119;Tris=0.05014;ADP=0.008351;AMP=0;ATP=0;IS=0.061;pMg=7.15,no,rxn_61,6
3957,adenylate kinase,2.7.4.3,high-pressure liquid-chromatography,A,2 ADP(aq) = AMP(aq) + ATP(aq),2 CHB_16761 = CHB_15422 + CHB_16027,3958,Keq_3958,"{'CHB_15422': 1, 'CHB_16761': -2.0, 'CHB_16027': 1}",298.15,6.04,0.026000000000000002,6.34,0.366,,Tris (0.05 mol kg-1) + HCl,91TEW/GOL2,mol/kg;(Mg)1(Cl)2=0.0002121;Tris=0.05018;ADP=0.007418;AMP=0;ATP=0;IS=0.026;pMg=6.34,no,rxn_61,6
3958,adenylate kinase,2.7.4.3,high-pressure liquid-chromatography,A,2 ADP(aq) = AMP(aq) + ATP(aq),2 CHB_16761 = CHB_15422 + CHB_16027,3959,Keq_3959,"{'CHB_15422': 1, 'CHB_16761': -2.0, 'CHB_16027': 1}",298.15,6.67,0.037000000000000005,6.84,0.377,,Tris (0.05 mol kg-1) + HCl,91TEW/GOL2,mol/kg;(Mg)1(Cl)2=0.0002119;Tris=0.05014;ADP=0.008351;AMP=0;ATP=0;IS=0.037;pMg=6.84,no,rxn_61,6
3959,adenylate kinase,2.7.4.3,high-pressure liquid-chromatography,A,2 ADP(aq) = AMP(aq) + ATP(aq),2 CHB_16761 = CHB_15422 + CHB_16027,3960,Keq_3960,"{'CHB_15422': 1, 'CHB_16761': -2.0, 'CHB_16027': 1}",298.15,6.77,0.034,6.97,0.364,,Tris (0.05 mol kg-1) + HCl,91TEW/GOL2,mol/kg;(Mg)1(Cl)2=0.0001700;Tris=0.05017;ADP=0.007418;AMP=0;ATP=0;IS=0.034;pMg=6.97,no,rxn_61,6
3960,adenylate kinase,2.7.4.3,high-pressure liquid-chromatography,A,2 ADP(aq) = AMP(aq) + ATP(aq),2 CHB_16761 = CHB_15422 + CHB_16027,3961,Keq_3961,"{'CHB_15422': 1, 'CHB_16761': -2.0, 'CHB_16027': 1}",298.15,6.88,0.038,7.05,0.365,,Tris (0.05 mol kg-1) + HCl,91TEW/GOL2,mol/kg;(Mg)1(Cl)2=0.0001699;Tris=0.05015;ADP=0.007988;AMP=0;ATP=0;IS=0.038;pMg=7.05,no,rxn_61,6
3961,adenylate kinase,2.7.4.3,high-pressure liquid-chromatography,A,2 ADP(aq) = AMP(aq) + ATP(aq),2 CHB_16761 = CHB_15422 + CHB_16027,3962,Keq_3962,"{'CHB_15422': 1, 'CHB_16761': -2.0, 'CHB_16027': 1}",298.15,7.41,0.044000000000000004,7.22,0.365,,Tris (0.05 mol kg-1) + HCl,91TEW/GOL2,mol/kg;(Mg)1(Cl)2=0.0001700;Tris=0.05017;ADP=0.7619;AMP=0;ATP=0;IS=0.044;pMg=7.22,no,rxn_61,6
3962,adenylate kinase,2.7.4.3,high-pressure liquid-chromatography,A,2 ADP(aq) = AMP(aq) + ATP(aq),2 CHB_16761 = CHB_15422 + CHB_16027,3963,Keq_3963,"{'CHB_15422': 1, 'CHB_16761': -2.0, 'CHB_16027': 1}",298.15,7.45,0.048,7.24,0.366,,Tris (0.05 mol kg-1) + HCl,91TEW/GOL2,mol/kg;(Mg)1(Cl)2=0.0001699;Tris=0.05014;ADP=0.008248;AMP=0;ATP=0;IS=0.048;pMg=7.24,no,rxn_61,6
3963,adenylate kinase,2.7.4.3,high-pressure liquid-chromatography,A,2 ADP(aq) = AMP(aq) + ATP(aq),2 CHB_16761 = CHB_15422 + CHB_16027,3964,Keq_3964,"{'CHB_15422': 1, 'CHB_16761': -2.0, 'CHB_16027': 1}",311.15,6.83,0.249,3.51,0.934,,Tris (0.05 mol kg-1) + HCl,91TEW/GOL2,mol/kg;(Mg)1(Cl)2=0.02426;(K)1(Cl)1=0.2303;phosphate buffer=0.00967;ADP=0.002193;AMP=0;ATP=0;IS=0.249;pMg=3.51,no,rxn_61,6
3964,adenylate kinase,2.7.4.3,high-pressure liquid-chromatography,A,2 ADP(aq) = AMP(aq) + ATP(aq),2 CHB_16761 = CHB_15422 + CHB_16027,3965,Keq_3965,"{'CHB_15422': 1, 'CHB_16761': -2.0, 'CHB_16027': 1}",311.15,7.04,0.245,3.54,0.9279999999999999,,Tris (0.05 mol kg-1) + HCl,91TEW/GOL2,mol/kg;(Mg)1(Cl)2=0.02429;(K)1(Cl)1=0.2264;phosphate buffer=0.00951;ADP=0.002177;AMP=0;ATP=0;IS=0.245;pMg=3.54,no,rxn_61,6
4062,alkaline phosphatase,3.1.3.1,HPLC,A,AMP(aq) + H2O(l) = adenosine(aq) + orthophosphate(aq),CHB_15377 + CHB_16027 = CHB_16335 + CHB_26078,4063,Keq_4063,"{'CHB_26078': 1, 'CHB_16335': 1, 'CHB_15377': -1, 'CHB_16027': -1}",298.15,8.86,1.4,4.5,197.0,,phosphate,93LAR/TEW,mol/kg;IS=1.4;AMP=0.01334;orthophosphate=0.4563;adenosine=0;Mg2+_tot=0.000215;Na+_tot=0.93664,no,rxn_557,4
4063,alkaline phosphatase,3.1.3.1,HPLC,A,AMP(aq) + H2O(l) = adenosine(aq) + orthophosphate(aq),CHB_15377 + CHB_16027 = CHB_16335 + CHB_26078,4064,Keq_4064,"{'CHB_26078': 1, 'CHB_16335': 1, 'CHB_15377': -1, 'CHB_16027': -1}",298.15,8.87,1.4,4.5,174.0,,phosphate,93LAR/TEW,mol/kg;IS=1.4;AMP=0;orthophosphate=0.468;adenosine=0.0127;Mg2+_tot=0.000221;Na+_tot=0.936,no,rxn_557,4
4064,alkaline phosphatase,3.1.3.1,HPLC,A,IMP(aq) + H2O(l) = inosine(aq) + orthophosphate(aq),CHB_15377 + CHB_17202 = CHB_17596 + CHB_26078,4065,Keq_4065,"{'CHB_17202': -1, 'CHB_26078': 1, 'CHB_17596': 1, 'CHB_15377': -1}",298.15,8.55,1.53,4.44,132.0,,phosphate,93LAR/TEW,mol/kg;IS=1.56;IMP=0.02091;orthophosphate=0.5011;inosine=0;Mg2+_tot=0.00026;Na+_tot=0.04182;K+_tot=1.0022,no,rxn_567,5
4065,alkaline phosphatase,3.1.3.1,HPLC,A,IMP(aq) + H2O(l) = inosine(aq) + orthophosphate(aq),CHB_15377 + CHB_17202 = CHB_17596 + CHB_26078,4066,Keq_4066,"{'CHB_17202': -1, 'CHB_26078': 1, 'CHB_17596': 1, 'CHB_15377': -1}",298.15,8.56,1.53,4.44,125.0,,phosphate,93LAR/TEW,mol/kg;IS=1.49;IMP=0;orthophosphate=0.4996;inosine=0.01988;Mg2+_tot=0.000259;K+_tot=0.9992,no,rxn_567,5
